Year,Series,concept.REF_AREA,concept.COMPOSITE_BREAKDOWN,Value
2015,CL_SERIES.VC_DSR_N,,CL_COMP_BREAKDOWN.HZT_FIREX,230
2016,CL_SERIES.VC_DSR_N,,CL_COMP_BREAKDOWN.HZT_FIREX,455
2017,CL_SERIES.VC_DSR_N,,CL_COMP_BREAKDOWN.HZT_FIREX,548
2015,CL_SERIES.VC_DSR_N,,CL_COMP_BREAKDOWN.HZT_FLOOD,104
2016,CL_SERIES.VC_DSR_N,,CL_COMP_BREAKDOWN.HZT_FLOOD,243
2017,CL_SERIES.VC_DSR_N,,CL_COMP_BREAKDOWN.HZT_FLOOD,223
2015,CL_SERIES.VC_DSR_N,,CL_COMP_BREAKDOWN.HZT_STORM,191
2016,CL_SERIES.VC_DSR_N,,CL_COMP_BREAKDOWN.HZT_STORM,496
2017,CL_SERIES.VC_DSR_N,,CL_COMP_BREAKDOWN.HZT_STORM,752
2015,CL_SERIES.VC_DSR_N,,CL_COMP_BREAKDOWN.HZT_EROSN_RVRBK,60
2016,CL_SERIES.VC_DSR_N,,CL_COMP_BREAKDOWN.HZT_EROSN_RVRBK,175
2017,CL_SERIES.VC_DSR_N,,CL_COMP_BREAKDOWN.HZT_EROSN_RVRBK,532
2015,CL_SERIES.VC_DSR_N,,CL_COMP_BREAKDOWN.HZT_LNDSL,14
2016,CL_SERIES.VC_DSR_N,,CL_COMP_BREAKDOWN.HZT_LNDSL,54
2017,CL_SERIES.VC_DSR_N,,CL_COMP_BREAKDOWN.HZT_LNDSL,69
2015,CL_SERIES.VC_DSR_N,,CL_COMP_BREAKDOWN.HZT_THDR_LGT_STROKE,44
2016,CL_SERIES.VC_DSR_N,,CL_COMP_BREAKDOWN.HZT_THDR_LGT_STROKE,56
2017,CL_SERIES.VC_DSR_N,,CL_COMP_BREAKDOWN.HZT_THDR_LGT_STROKE,114
2015,CL_SERIES.VC_DSR_N,,CL_COMP_BREAKDOWN.HZT_CNFLCT,14
2016,CL_SERIES.VC_DSR_N,,CL_COMP_BREAKDOWN.HZT_CNFLCT,121
2017,CL_SERIES.VC_DSR_N,,CL_COMP_BREAKDOWN.HZT_CNFLCT,87
2015,CL_SERIES.VC_DSR_N,,CL_COMP_BREAKDOWN.HZT_OTHER,1
2016,CL_SERIES.VC_DSR_N,,CL_COMP_BREAKDOWN.HZT_OTHER,26
2017,CL_SERIES.VC_DSR_N,,CL_COMP_BREAKDOWN.HZT_OTHER,186
2015,CL_SERIES.VC_DSR_N,,,658
2016,CL_SERIES.VC_DSR_N,,,1632
2017,CL_SERIES.VC_DSR_N,,,2511
2015,CL_SERIES.VC_DSR_N,CL_REF_AREA.GA1000001,CL_COMP_BREAKDOWN.HZT_FIREX,10
2016,CL_SERIES.VC_DSR_N,CL_REF_AREA.GA1000001,CL_COMP_BREAKDOWN.HZT_FIREX,34
2017,CL_SERIES.VC_DSR_N,CL_REF_AREA.GA1000001,CL_COMP_BREAKDOWN.HZT_FIREX,29
2015,CL_SERIES.VC_DSR_N,CL_REF_AREA.GA1000001,CL_COMP_BREAKDOWN.HZT_FLOOD,4
2016,CL_SERIES.VC_DSR_N,CL_REF_AREA.GA1000001,CL_COMP_BREAKDOWN.HZT_FLOOD,15
2017,CL_SERIES.VC_DSR_N,CL_REF_AREA.GA1000001,CL_COMP_BREAKDOWN.HZT_FLOOD,7
2015,CL_SERIES.VC_DSR_N,CL_REF_AREA.GA1000001,CL_COMP_BREAKDOWN.HZT_STORM,7
2016,CL_SERIES.VC_DSR_N,CL_REF_AREA.GA1000001,CL_COMP_BREAKDOWN.HZT_STORM,15
2017,CL_SERIES.VC_DSR_N,CL_REF_AREA.GA1000001,CL_COMP_BREAKDOWN.HZT_STORM,15
2015,CL_SERIES.VC_DSR_N,CL_REF_AREA.GA1000001,CL_COMP_BREAKDOWN.HZT_LNDSL,2
2016,CL_SERIES.VC_DSR_N,CL_REF_AREA.GA1000001,CL_COMP_BREAKDOWN.HZT_LNDSL,23
2017,CL_SERIES.VC_DSR_N,CL_REF_AREA.GA1000001,CL_COMP_BREAKDOWN.HZT_LNDSL,21
2015,CL_SERIES.VC_DSR_N,CL_REF_AREA.GA1000001,CL_COMP_BREAKDOWN.HZT_THDR_LGT_STROKE,4
2016,CL_SERIES.VC_DSR_N,CL_REF_AREA.GA1000001,CL_COMP_BREAKDOWN.HZT_THDR_LGT_STROKE,6
2017,CL_SERIES.VC_DSR_N,CL_REF_AREA.GA1000001,CL_COMP_BREAKDOWN.HZT_THDR_LGT_STROKE,1
2015,CL_SERIES.VC_DSR_N,CL_REF_AREA.GA1000001,CL_COMP_BREAKDOWN.HZT_CNFLCT,4
2016,CL_SERIES.VC_DSR_N,CL_REF_AREA.GA1000001,CL_COMP_BREAKDOWN.HZT_CNFLCT,14
2017,CL_SERIES.VC_DSR_N,CL_REF_AREA.GA1000001,CL_COMP_BREAKDOWN.HZT_CNFLCT,17
2015,CL_SERIES.VC_DSR_N,CL_REF_AREA.GA1000001,,31
2016,CL_SERIES.VC_DSR_N,CL_REF_AREA.GA1000001,,145
2017,CL_SERIES.VC_DSR_N,CL_REF_AREA.GA1000001,,116
2015,CL_SERIES.VC_DSR_N,CL_REF_AREA.GA1000002,CL_COMP_BREAKDOWN.HZT_FIREX,8
2016,CL_SERIES.VC_DSR_N,CL_REF_AREA.GA1000002,CL_COMP_BREAKDOWN.HZT_FIREX,16
2017,CL_SERIES.VC_DSR_N,CL_REF_AREA.GA1000002,CL_COMP_BREAKDOWN.HZT_FIREX,7
2015,CL_SERIES.VC_DSR_N,CL_REF_AREA.GA1000002,CL_COMP_BREAKDOWN.HZT_STORM,5
2016,CL_SERIES.VC_DSR_N,CL_REF_AREA.GA1000002,CL_COMP_BREAKDOWN.HZT_STORM,14
2017,CL_SERIES.VC_DSR_N,CL_REF_AREA.GA1000002,CL_COMP_BREAKDOWN.HZT_STORM,13
2015,CL_SERIES.VC_DSR_N,CL_REF_AREA.GA1000002,CL_COMP_BREAKDOWN.HZT_LNDSL,1
2015,CL_SERIES.VC_DSR_N,CL_REF_AREA.GA1000002,,14
2016,CL_SERIES.VC_DSR_N,CL_REF_AREA.GA1000002,,30
2017,CL_SERIES.VC_DSR_N,CL_REF_AREA.GA1000002,,23
2015,CL_SERIES.VC_DSR_N,CL_REF_AREA.GA1000003,CL_COMP_BREAKDOWN.HZT_FIREX,5
2016,CL_SERIES.VC_DSR_N,CL_REF_AREA.GA1000003,CL_COMP_BREAKDOWN.HZT_FIREX,12
2017,CL_SERIES.VC_DSR_N,CL_REF_AREA.GA1000003,CL_COMP_BREAKDOWN.HZT_FIREX,22
2015,CL_SERIES.VC_DSR_N,CL_REF_AREA.GA1000003,CL_COMP_BREAKDOWN.HZT_FLOOD,4
2016,CL_SERIES.VC_DSR_N,CL_REF_AREA.GA1000003,CL_COMP_BREAKDOWN.HZT_FLOOD,2
2017,CL_SERIES.VC_DSR_N,CL_REF_AREA.GA1000003,CL_COMP_BREAKDOWN.HZT_FLOOD,3
2015,CL_SERIES.VC_DSR_N,CL_REF_AREA.GA1000003,CL_COMP_BREAKDOWN.HZT_STORM,1
2016,CL_SERIES.VC_DSR_N,CL_REF_AREA.GA1000003,CL_COMP_BREAKDOWN.HZT_STORM,4
2017,CL_SERIES.VC_DSR_N,CL_REF_AREA.GA1000003,CL_COMP_BREAKDOWN.HZT_STORM,3
2015,CL_SERIES.VC_DSR_N,CL_REF_AREA.GA1000003,CL_COMP_BREAKDOWN.HZT_THDR_LGT_STROKE,3
2017,CL_SERIES.VC_DSR_N,CL_REF_AREA.GA1000003,CL_COMP_BREAKDOWN.HZT_THDR_LGT_STROKE,4
2015,CL_SERIES.VC_DSR_N,CL_REF_AREA.GA1000003,,13
2016,CL_SERIES.VC_DSR_N,CL_REF_AREA.GA1000003,,29
2017,CL_SERIES.VC_DSR_N,CL_REF_AREA.GA1000003,,40
2015,CL_SERIES.VC_DSR_N,CL_REF_AREA.GA1000004,CL_COMP_BREAKDOWN.HZT_FIREX,2
2016,CL_SERIES.VC_DSR_N,CL_REF_AREA.GA1000004,CL_COMP_BREAKDOWN.HZT_FIREX,7
2017,CL_SERIES.VC_DSR_N,CL_REF_AREA.GA1000004,CL_COMP_BREAKDOWN.HZT_FIREX,11
2015,CL_SERIES.VC_DSR_N,CL_REF_AREA.GA1000004,CL_COMP_BREAKDOWN.HZT_LNDSL,4
2016,CL_SERIES.VC_DSR_N,CL_REF_AREA.GA1000004,CL_COMP_BREAKDOWN.HZT_LNDSL,12
2017,CL_SERIES.VC_DSR_N,CL_REF_AREA.GA1000004,CL_COMP_BREAKDOWN.HZT_LNDSL,22
2015,CL_SERIES.VC_DSR_N,CL_REF_AREA.GA1000004,CL_COMP_BREAKDOWN.HZT_THDR_LGT_STROKE,1
2015,CL_SERIES.VC_DSR_N,CL_REF_AREA.GA1000004,,7
2016,CL_SERIES.VC_DSR_N,CL_REF_AREA.GA1000004,,42
2017,CL_SERIES.VC_DSR_N,CL_REF_AREA.GA1000004,,91
2015,CL_SERIES.VC_DSR_N,CL_REF_AREA.GA1000005,CL_COMP_BREAKDOWN.HZT_FIREX,20
2016,CL_SERIES.VC_DSR_N,CL_REF_AREA.GA1000005,CL_COMP_BREAKDOWN.HZT_FIREX,33
2017,CL_SERIES.VC_DSR_N,CL_REF_AREA.GA1000005,CL_COMP_BREAKDOWN.HZT_FIREX,45
2015,CL_SERIES.VC_DSR_N,CL_REF_AREA.GA1000005,CL_COMP_BREAKDOWN.HZT_FLOOD,17
2016,CL_SERIES.VC_DSR_N,CL_REF_AREA.GA1000005,CL_COMP_BREAKDOWN.HZT_FLOOD,27
2017,CL_SERIES.VC_DSR_N,CL_REF_AREA.GA1000005,CL_COMP_BREAKDOWN.HZT_FLOOD,70
2015,CL_SERIES.VC_DSR_N,CL_REF_AREA.GA1000005,CL_COMP_BREAKDOWN.HZT_STORM,10
2016,CL_SERIES.VC_DSR_N,CL_REF_AREA.GA1000005,CL_COMP_BREAKDOWN.HZT_STORM,53
2017,CL_SERIES.VC_DSR_N,CL_REF_AREA.GA1000005,CL_COMP_BREAKDOWN.HZT_STORM,106
2015,CL_SERIES.VC_DSR_N,CL_REF_AREA.GA1000005,CL_COMP_BREAKDOWN.HZT_EROSN_RVRBK,1
2016,CL_SERIES.VC_DSR_N,CL_REF_AREA.GA1000005,CL_COMP_BREAKDOWN.HZT_EROSN_RVRBK,4
2017,CL_SERIES.VC_DSR_N,CL_REF_AREA.GA1000005,CL_COMP_BREAKDOWN.HZT_EROSN_RVRBK,58
2015,CL_SERIES.VC_DSR_N,CL_REF_AREA.GA1000005,CL_COMP_BREAKDOWN.HZT_LNDSL,1
2016,CL_SERIES.VC_DSR_N,CL_REF_AREA.GA1000005,CL_COMP_BREAKDOWN.HZT_LNDSL,2
2015,CL_SERIES.VC_DSR_N,CL_REF_AREA.GA1000005,CL_COMP_BREAKDOWN.HZT_THDR_LGT_STROKE,8
2016,CL_SERIES.VC_DSR_N,CL_REF_AREA.GA1000005,CL_COMP_BREAKDOWN.HZT_THDR_LGT_STROKE,7
2017,CL_SERIES.VC_DSR_N,CL_REF_AREA.GA1000005,CL_COMP_BREAKDOWN.HZT_THDR_LGT_STROKE,7
2015,CL_SERIES.VC_DSR_N,CL_REF_AREA.GA1000005,CL_COMP_BREAKDOWN.HZT_OTHER,1
2016,CL_SERIES.VC_DSR_N,CL_REF_AREA.GA1000005,CL_COMP_BREAKDOWN.HZT_OTHER,3
2017,CL_SERIES.VC_DSR_N,CL_REF_AREA.GA1000005,CL_COMP_BREAKDOWN.HZT_OTHER,65
2015,CL_SERIES.VC_DSR_N,CL_REF_AREA.GA1000005,,58
2016,CL_SERIES.VC_DSR_N,CL_REF_AREA.GA1000005,,129
2017,CL_SERIES.VC_DSR_N,CL_REF_AREA.GA1000005,,352
2015,CL_SERIES.VC_DSR_N,CL_REF_AREA.GA1000006,CL_COMP_BREAKDOWN.HZT_FIREX,15
2016,CL_SERIES.VC_DSR_N,CL_REF_AREA.GA1000006,CL_COMP_BREAKDOWN.HZT_FIREX,21
2017,CL_SERIES.VC_DSR_N,CL_REF_AREA.GA1000006,CL_COMP_BREAKDOWN.HZT_FIREX,22
2015,CL_SERIES.VC_DSR_N,CL_REF_AREA.GA1000006,CL_COMP_BREAKDOWN.HZT_FLOOD,5
2016,CL_SERIES.VC_DSR_N,CL_REF_AREA.GA1000006,CL_COMP_BREAKDOWN.HZT_FLOOD,6
2017,CL_SERIES.VC_DSR_N,CL_REF_AREA.GA1000006,CL_COMP_BREAKDOWN.HZT_FLOOD,4
2015,CL_SERIES.VC_DSR_N,CL_REF_AREA.GA1000006,CL_COMP_BREAKDOWN.HZT_STORM,7
2016,CL_SERIES.VC_DSR_N,CL_REF_AREA.GA1000006,CL_COMP_BREAKDOWN.HZT_STORM,5
2017,CL_SERIES.VC_DSR_N,CL_REF_AREA.GA1000006,CL_COMP_BREAKDOWN.HZT_STORM,16
2015,CL_SERIES.VC_DSR_N,CL_REF_AREA.GA1000006,CL_COMP_BREAKDOWN.HZT_LNDSL,4
2016,CL_SERIES.VC_DSR_N,CL_REF_AREA.GA1000006,CL_COMP_BREAKDOWN.HZT_LNDSL,3
2017,CL_SERIES.VC_DSR_N,CL_REF_AREA.GA1000006,CL_COMP_BREAKDOWN.HZT_LNDSL,1
2015,CL_SERIES.VC_DSR_N,CL_REF_AREA.GA1000006,CL_COMP_BREAKDOWN.HZT_THDR_LGT_STROKE,1
2016,CL_SERIES.VC_DSR_N,CL_REF_AREA.GA1000006,CL_COMP_BREAKDOWN.HZT_THDR_LGT_STROKE,1
2017,CL_SERIES.VC_DSR_N,CL_REF_AREA.GA1000006,CL_COMP_BREAKDOWN.HZT_THDR_LGT_STROKE,8
2015,CL_SERIES.VC_DSR_N,CL_REF_AREA.GA1000006,,32
2016,CL_SERIES.VC_DSR_N,CL_REF_AREA.GA1000006,,38
2017,CL_SERIES.VC_DSR_N,CL_REF_AREA.GA1000006,,55
2015,CL_SERIES.VC_DSR_N,CL_REF_AREA.GA1000007,CL_COMP_BREAKDOWN.HZT_FIREX,22
2016,CL_SERIES.VC_DSR_N,CL_REF_AREA.GA1000007,CL_COMP_BREAKDOWN.HZT_FIREX,51
2017,CL_SERIES.VC_DSR_N,CL_REF_AREA.GA1000007,CL_COMP_BREAKDOWN.HZT_FIREX,64
2015,CL_SERIES.VC_DSR_N,CL_REF_AREA.GA1000007,CL_COMP_BREAKDOWN.HZT_FLOOD,8
2016,CL_SERIES.VC_DSR_N,CL_REF_AREA.GA1000007,CL_COMP_BREAKDOWN.HZT_FLOOD,23
2017,CL_SERIES.VC_DSR_N,CL_REF_AREA.GA1000007,CL_COMP_BREAKDOWN.HZT_FLOOD,37
2015,CL_SERIES.VC_DSR_N,CL_REF_AREA.GA1000007,CL_COMP_BREAKDOWN.HZT_STORM,46
2016,CL_SERIES.VC_DSR_N,CL_REF_AREA.GA1000007,CL_COMP_BREAKDOWN.HZT_STORM,106
2017,CL_SERIES.VC_DSR_N,CL_REF_AREA.GA1000007,CL_COMP_BREAKDOWN.HZT_STORM,146
2015,CL_SERIES.VC_DSR_N,CL_REF_AREA.GA1000007,CL_COMP_BREAKDOWN.HZT_EROSN_RVRBK,8
2016,CL_SERIES.VC_DSR_N,CL_REF_AREA.GA1000007,CL_COMP_BREAKDOWN.HZT_EROSN_RVRBK,16
2017,CL_SERIES.VC_DSR_N,CL_REF_AREA.GA1000007,CL_COMP_BREAKDOWN.HZT_EROSN_RVRBK,49
2015,CL_SERIES.VC_DSR_N,CL_REF_AREA.GA1000007,CL_COMP_BREAKDOWN.HZT_THDR_LGT_STROKE,20
2016,CL_SERIES.VC_DSR_N,CL_REF_AREA.GA1000007,CL_COMP_BREAKDOWN.HZT_THDR_LGT_STROKE,11
2017,CL_SERIES.VC_DSR_N,CL_REF_AREA.GA1000007,CL_COMP_BREAKDOWN.HZT_THDR_LGT_STROKE,17
2015,CL_SERIES.VC_DSR_N,CL_REF_AREA.GA1000007,,104
2016,CL_SERIES.VC_DSR_N,CL_REF_AREA.GA1000007,,207
2017,CL_SERIES.VC_DSR_N,CL_REF_AREA.GA1000007,,315
2015,CL_SERIES.VC_DSR_N,CL_REF_AREA.GA1000008,CL_COMP_BREAKDOWN.HZT_FIREX,26
2016,CL_SERIES.VC_DSR_N,CL_REF_AREA.GA1000008,CL_COMP_BREAKDOWN.HZT_FIREX,38
2017,CL_SERIES.VC_DSR_N,CL_REF_AREA.GA1000008,CL_COMP_BREAKDOWN.HZT_FIREX,53
2015,CL_SERIES.VC_DSR_N,CL_REF_AREA.GA1000008,CL_COMP_BREAKDOWN.HZT_FLOOD,5
2016,CL_SERIES.VC_DSR_N,CL_REF_AREA.GA1000008,CL_COMP_BREAKDOWN.HZT_FLOOD,73
2017,CL_SERIES.VC_DSR_N,CL_REF_AREA.GA1000008,CL_COMP_BREAKDOWN.HZT_FLOOD,39
2015,CL_SERIES.VC_DSR_N,CL_REF_AREA.GA1000008,CL_COMP_BREAKDOWN.HZT_STORM,15
2016,CL_SERIES.VC_DSR_N,CL_REF_AREA.GA1000008,CL_COMP_BREAKDOWN.HZT_STORM,64
2017,CL_SERIES.VC_DSR_N,CL_REF_AREA.GA1000008,CL_COMP_BREAKDOWN.HZT_STORM,72
2015,CL_SERIES.VC_DSR_N,CL_REF_AREA.GA1000008,CL_COMP_BREAKDOWN.HZT_EROSN_RVRBK,19
2016,CL_SERIES.VC_DSR_N,CL_REF_AREA.GA1000008,CL_COMP_BREAKDOWN.HZT_EROSN_RVRBK,37
2017,CL_SERIES.VC_DSR_N,CL_REF_AREA.GA1000008,CL_COMP_BREAKDOWN.HZT_EROSN_RVRBK,121
2015,CL_SERIES.VC_DSR_N,CL_REF_AREA.GA1000008,,65
2016,CL_SERIES.VC_DSR_N,CL_REF_AREA.GA1000008,,221
2017,CL_SERIES.VC_DSR_N,CL_REF_AREA.GA1000008,,302
2015,CL_SERIES.VC_DSR_N,CL_REF_AREA.GA1000009,CL_COMP_BREAKDOWN.HZT_FIREX,36
2016,CL_SERIES.VC_DSR_N,CL_REF_AREA.GA1000009,CL_COMP_BREAKDOWN.HZT_FIREX,33
2017,CL_SERIES.VC_DSR_N,CL_REF_AREA.GA1000009,CL_COMP_BREAKDOWN.HZT_FIREX,37
2015,CL_SERIES.VC_DSR_N,CL_REF_AREA.GA1000009,CL_COMP_BREAKDOWN.HZT_FLOOD,11
2016,CL_SERIES.VC_DSR_N,CL_REF_AREA.GA1000009,CL_COMP_BREAKDOWN.HZT_FLOOD,16
2017,CL_SERIES.VC_DSR_N,CL_REF_AREA.GA1000009,CL_COMP_BREAKDOWN.HZT_FLOOD,22
2015,CL_SERIES.VC_DSR_N,CL_REF_AREA.GA1000009,CL_COMP_BREAKDOWN.HZT_STORM,22
2016,CL_SERIES.VC_DSR_N,CL_REF_AREA.GA1000009,CL_COMP_BREAKDOWN.HZT_STORM,26
2017,CL_SERIES.VC_DSR_N,CL_REF_AREA.GA1000009,CL_COMP_BREAKDOWN.HZT_STORM,43
2015,CL_SERIES.VC_DSR_N,CL_REF_AREA.GA1000009,CL_COMP_BREAKDOWN.HZT_EROSN_RVRBK,16
2016,CL_SERIES.VC_DSR_N,CL_REF_AREA.GA1000009,CL_COMP_BREAKDOWN.HZT_EROSN_RVRBK,9
2017,CL_SERIES.VC_DSR_N,CL_REF_AREA.GA1000009,CL_COMP_BREAKDOWN.HZT_EROSN_RVRBK,4
2015,CL_SERIES.VC_DSR_N,CL_REF_AREA.GA1000009,CL_COMP_BREAKDOWN.HZT_LNDSL,2
2016,CL_SERIES.VC_DSR_N,CL_REF_AREA.GA1000009,CL_COMP_BREAKDOWN.HZT_LNDSL,1
2017,CL_SERIES.VC_DSR_N,CL_REF_AREA.GA1000009,CL_COMP_BREAKDOWN.HZT_LNDSL,2
2015,CL_SERIES.VC_DSR_N,CL_REF_AREA.GA1000009,CL_COMP_BREAKDOWN.HZT_CNFLCT,1
2016,CL_SERIES.VC_DSR_N,CL_REF_AREA.GA1000009,CL_COMP_BREAKDOWN.HZT_CNFLCT,1
2015,CL_SERIES.VC_DSR_N,CL_REF_AREA.GA1000009,,88
2016,CL_SERIES.VC_DSR_N,CL_REF_AREA.GA1000009,,87
2017,CL_SERIES.VC_DSR_N,CL_REF_AREA.GA1000009,,118
2015,CL_SERIES.VC_DSR_N,CL_REF_AREA.GA1000010,CL_COMP_BREAKDOWN.HZT_FIREX,10
2016,CL_SERIES.VC_DSR_N,CL_REF_AREA.GA1000010,CL_COMP_BREAKDOWN.HZT_FIREX,28
2017,CL_SERIES.VC_DSR_N,CL_REF_AREA.GA1000010,CL_COMP_BREAKDOWN.HZT_FIREX,32
2015,CL_SERIES.VC_DSR_N,CL_REF_AREA.GA1000010,CL_COMP_BREAKDOWN.HZT_FLOOD,3
2016,CL_SERIES.VC_DSR_N,CL_REF_AREA.GA1000010,CL_COMP_BREAKDOWN.HZT_FLOOD,1
2017,CL_SERIES.VC_DSR_N,CL_REF_AREA.GA1000010,CL_COMP_BREAKDOWN.HZT_FLOOD,3
2015,CL_SERIES.VC_DSR_N,CL_REF_AREA.GA1000010,CL_COMP_BREAKDOWN.HZT_STORM,5
2016,CL_SERIES.VC_DSR_N,CL_REF_AREA.GA1000010,CL_COMP_BREAKDOWN.HZT_STORM,7
2017,CL_SERIES.VC_DSR_N,CL_REF_AREA.GA1000010,CL_COMP_BREAKDOWN.HZT_STORM,13
2015,CL_SERIES.VC_DSR_N,CL_REF_AREA.GA1000010,,18
2016,CL_SERIES.VC_DSR_N,CL_REF_AREA.GA1000010,,40
2017,CL_SERIES.VC_DSR_N,CL_REF_AREA.GA1000010,,59
2015,CL_SERIES.VC_DSR_N,CL_REF_AREA.GA1000011,CL_COMP_BREAKDOWN.HZT_FIREX,22
2016,CL_SERIES.VC_DSR_N,CL_REF_AREA.GA1000011,CL_COMP_BREAKDOWN.HZT_FIREX,33
2017,CL_SERIES.VC_DSR_N,CL_REF_AREA.GA1000011,CL_COMP_BREAKDOWN.HZT_FIREX,35
2015,CL_SERIES.VC_DSR_N,CL_REF_AREA.GA1000011,CL_COMP_BREAKDOWN.HZT_FLOOD,15
2016,CL_SERIES.VC_DSR_N,CL_REF_AREA.GA1000011,CL_COMP_BREAKDOWN.HZT_FLOOD,15
2017,CL_SERIES.VC_DSR_N,CL_REF_AREA.GA1000011,CL_COMP_BREAKDOWN.HZT_FLOOD,3
2015,CL_SERIES.VC_DSR_N,CL_REF_AREA.GA1000011,CL_COMP_BREAKDOWN.HZT_STORM,7
2016,CL_SERIES.VC_DSR_N,CL_REF_AREA.GA1000011,CL_COMP_BREAKDOWN.HZT_STORM,23
2017,CL_SERIES.VC_DSR_N,CL_REF_AREA.GA1000011,CL_COMP_BREAKDOWN.HZT_STORM,53
2015,CL_SERIES.VC_DSR_N,CL_REF_AREA.GA1000011,CL_COMP_BREAKDOWN.HZT_THDR_LGT_STROKE,2
2016,CL_SERIES.VC_DSR_N,CL_REF_AREA.GA1000011,CL_COMP_BREAKDOWN.HZT_THDR_LGT_STROKE,4
2017,CL_SERIES.VC_DSR_N,CL_REF_AREA.GA1000011,CL_COMP_BREAKDOWN.HZT_THDR_LGT_STROKE,6
2015,CL_SERIES.VC_DSR_N,CL_REF_AREA.GA1000011,CL_COMP_BREAKDOWN.HZT_CNFLCT,2
2016,CL_SERIES.VC_DSR_N,CL_REF_AREA.GA1000011,CL_COMP_BREAKDOWN.HZT_CNFLCT,1
2017,CL_SERIES.VC_DSR_N,CL_REF_AREA.GA1000011,CL_COMP_BREAKDOWN.HZT_CNFLCT,2
2015,CL_SERIES.VC_DSR_N,CL_REF_AREA.GA1000011,,48
2016,CL_SERIES.VC_DSR_N,CL_REF_AREA.GA1000011,,88
2017,CL_SERIES.VC_DSR_N,CL_REF_AREA.GA1000011,,125
2015,CL_SERIES.VC_DSR_N,CL_REF_AREA.GA1000013,CL_COMP_BREAKDOWN.HZT_FIREX,7
2016,CL_SERIES.VC_DSR_N,CL_REF_AREA.GA1000013,CL_COMP_BREAKDOWN.HZT_FIREX,61
2017,CL_SERIES.VC_DSR_N,CL_REF_AREA.GA1000013,CL_COMP_BREAKDOWN.HZT_FIREX,84
2015,CL_SERIES.VC_DSR_N,CL_REF_AREA.GA1000013,CL_COMP_BREAKDOWN.HZT_FLOOD,6
2016,CL_SERIES.VC_DSR_N,CL_REF_AREA.GA1000013,CL_COMP_BREAKDOWN.HZT_FLOOD,5
2017,CL_SERIES.VC_DSR_N,CL_REF_AREA.GA1000013,CL_COMP_BREAKDOWN.HZT_FLOOD,1
2015,CL_SERIES.VC_DSR_N,CL_REF_AREA.GA1000013,CL_COMP_BREAKDOWN.HZT_STORM,12
2016,CL_SERIES.VC_DSR_N,CL_REF_AREA.GA1000013,CL_COMP_BREAKDOWN.HZT_STORM,66
2017,CL_SERIES.VC_DSR_N,CL_REF_AREA.GA1000013,CL_COMP_BREAKDOWN.HZT_STORM,55
2015,CL_SERIES.VC_DSR_N,CL_REF_AREA.GA1000013,CL_COMP_BREAKDOWN.HZT_CNFLCT,7
2016,CL_SERIES.VC_DSR_N,CL_REF_AREA.GA1000013,CL_COMP_BREAKDOWN.HZT_CNFLCT,98
2017,CL_SERIES.VC_DSR_N,CL_REF_AREA.GA1000013,CL_COMP_BREAKDOWN.HZT_CNFLCT,60
2015,CL_SERIES.VC_DSR_N,CL_REF_AREA.GA1000013,,32
2016,CL_SERIES.VC_DSR_N,CL_REF_AREA.GA1000013,,243
2017,CL_SERIES.VC_DSR_N,CL_REF_AREA.GA1000013,,271
2015,CL_SERIES.VC_DSR_N,CL_REF_AREA.GA1000012,CL_COMP_BREAKDOWN.HZT_FIREX,15
2016,CL_SERIES.VC_DSR_N,CL_REF_AREA.GA1000012,CL_COMP_BREAKDOWN.HZT_FIREX,26
2017,CL_SERIES.VC_DSR_N,CL_REF_AREA.GA1000012,CL_COMP_BREAKDOWN.HZT_FIREX,37
2015,CL_SERIES.VC_DSR_N,CL_REF_AREA.GA1000012,CL_COMP_BREAKDOWN.HZT_FLOOD,6
2016,CL_SERIES.VC_DSR_N,CL_REF_AREA.GA1000012,CL_COMP_BREAKDOWN.HZT_FLOOD,5
2017,CL_SERIES.VC_DSR_N,CL_REF_AREA.GA1000012,CL_COMP_BREAKDOWN.HZT_FLOOD,2
2015,CL_SERIES.VC_DSR_N,CL_REF_AREA.GA1000012,CL_COMP_BREAKDOWN.HZT_STORM,3
2016,CL_SERIES.VC_DSR_N,CL_REF_AREA.GA1000012,CL_COMP_BREAKDOWN.HZT_STORM,11
2017,CL_SERIES.VC_DSR_N,CL_REF_AREA.GA1000012,CL_COMP_BREAKDOWN.HZT_STORM,10
2015,CL_SERIES.VC_DSR_N,CL_REF_AREA.GA1000012,CL_COMP_BREAKDOWN.HZT_THDR_LGT_STROKE,1
2016,CL_SERIES.VC_DSR_N,CL_REF_AREA.GA1000012,CL_COMP_BREAKDOWN.HZT_THDR_LGT_STROKE,3
2017,CL_SERIES.VC_DSR_N,CL_REF_AREA.GA1000012,CL_COMP_BREAKDOWN.HZT_THDR_LGT_STROKE,4
2015,CL_SERIES.VC_DSR_N,CL_REF_AREA.GA1000012,,25
2016,CL_SERIES.VC_DSR_N,CL_REF_AREA.GA1000012,,55
2017,CL_SERIES.VC_DSR_N,CL_REF_AREA.GA1000012,,72
2015,CL_SERIES.VC_DSR_N,CL_REF_AREA.GA1000014,CL_COMP_BREAKDOWN.HZT_FIREX,29
2016,CL_SERIES.VC_DSR_N,CL_REF_AREA.GA1000014,CL_COMP_BREAKDOWN.HZT_FIREX,50
2017,CL_SERIES.VC_DSR_N,CL_REF_AREA.GA1000014,CL_COMP_BREAKDOWN.HZT_FIREX,57
2015,CL_SERIES.VC_DSR_N,CL_REF_AREA.GA1000014,CL_COMP_BREAKDOWN.HZT_FLOOD,20
2016,CL_SERIES.VC_DSR_N,CL_REF_AREA.GA1000014,CL_COMP_BREAKDOWN.HZT_FLOOD,44
2017,CL_SERIES.VC_DSR_N,CL_REF_AREA.GA1000014,CL_COMP_BREAKDOWN.HZT_FLOOD,24
2015,CL_SERIES.VC_DSR_N,CL_REF_AREA.GA1000014,CL_COMP_BREAKDOWN.HZT_STORM,40
2016,CL_SERIES.VC_DSR_N,CL_REF_AREA.GA1000014,CL_COMP_BREAKDOWN.HZT_STORM,71
2017,CL_SERIES.VC_DSR_N,CL_REF_AREA.GA1000014,CL_COMP_BREAKDOWN.HZT_STORM,143
2015,CL_SERIES.VC_DSR_N,CL_REF_AREA.GA1000014,CL_COMP_BREAKDOWN.HZT_EROSN_RVRBK,16
2016,CL_SERIES.VC_DSR_N,CL_REF_AREA.GA1000014,CL_COMP_BREAKDOWN.HZT_EROSN_RVRBK,57
2017,CL_SERIES.VC_DSR_N,CL_REF_AREA.GA1000014,CL_COMP_BREAKDOWN.HZT_EROSN_RVRBK,266
2015,CL_SERIES.VC_DSR_N,CL_REF_AREA.GA1000014,CL_COMP_BREAKDOWN.HZT_THDR_LGT_STROKE,2
2016,CL_SERIES.VC_DSR_N,CL_REF_AREA.GA1000014,CL_COMP_BREAKDOWN.HZT_THDR_LGT_STROKE,11
2017,CL_SERIES.VC_DSR_N,CL_REF_AREA.GA1000014,CL_COMP_BREAKDOWN.HZT_THDR_LGT_STROKE,27
2015,CL_SERIES.VC_DSR_N,CL_REF_AREA.GA1000014,,107
2016,CL_SERIES.VC_DSR_N,CL_REF_AREA.GA1000014,,236
2017,CL_SERIES.VC_DSR_N,CL_REF_AREA.GA1000014,,523
2015,CL_SERIES.VC_DSR_N,CL_REF_AREA.GA1000015,CL_COMP_BREAKDOWN.HZT_FIREX,3
2016,CL_SERIES.VC_DSR_N,CL_REF_AREA.GA1000015,CL_COMP_BREAKDOWN.HZT_FIREX,12
2017,CL_SERIES.VC_DSR_N,CL_REF_AREA.GA1000015,CL_COMP_BREAKDOWN.HZT_FIREX,13
2015,CL_SERIES.VC_DSR_N,CL_REF_AREA.GA1000015,CL_COMP_BREAKDOWN.HZT_STORM,11
2016,CL_SERIES.VC_DSR_N,CL_REF_AREA.GA1000015,CL_COMP_BREAKDOWN.HZT_STORM,10
2017,CL_SERIES.VC_DSR_N,CL_REF_AREA.GA1000015,CL_COMP_BREAKDOWN.HZT_STORM,20
2015,CL_SERIES.VC_DSR_N,CL_REF_AREA.GA1000015,CL_COMP_BREAKDOWN.HZT_THDR_LGT_STROKE,2
2016,CL_SERIES.VC_DSR_N,CL_REF_AREA.GA1000015,CL_COMP_BREAKDOWN.HZT_THDR_LGT_STROKE,2
2017,CL_SERIES.VC_DSR_N,CL_REF_AREA.GA1000015,CL_COMP_BREAKDOWN.HZT_THDR_LGT_STROKE,2
2015,CL_SERIES.VC_DSR_N,CL_REF_AREA.GA1000015,,16
2016,CL_SERIES.VC_DSR_N,CL_REF_AREA.GA1000015,,42
2017,CL_SERIES.VC_DSR_N,CL_REF_AREA.GA1000015,,49
2016,CL_SERIES.VC_DSR_N,,CL_COMP_BREAKDOWN.HZT_ERQAK,6
2016,CL_SERIES.VC_DSR_N,CL_REF_AREA.GA1000001,CL_COMP_BREAKDOWN.HZT_EROSN_RVRBK,33
2017,CL_SERIES.VC_DSR_N,CL_REF_AREA.GA1000001,CL_COMP_BREAKDOWN.HZT_EROSN_RVRBK,7
2016,CL_SERIES.VC_DSR_N,CL_REF_AREA.GA1000001,CL_COMP_BREAKDOWN.HZT_OTHER,5
2017,CL_SERIES.VC_DSR_N,CL_REF_AREA.GA1000001,CL_COMP_BREAKDOWN.HZT_OTHER,19
2016,CL_SERIES.VC_DSR_N,CL_REF_AREA.GA1000003,CL_COMP_BREAKDOWN.HZT_LNDSL,3
2017,CL_SERIES.VC_DSR_N,CL_REF_AREA.GA1000003,CL_COMP_BREAKDOWN.HZT_LNDSL,3
2016,CL_SERIES.VC_DSR_N,CL_REF_AREA.GA1000003,CL_COMP_BREAKDOWN.HZT_CNFLCT,6
2017,CL_SERIES.VC_DSR_N,CL_REF_AREA.GA1000003,CL_COMP_BREAKDOWN.HZT_CNFLCT,2
2016,CL_SERIES.VC_DSR_N,CL_REF_AREA.GA1000003,CL_COMP_BREAKDOWN.HZT_OTHER,2
2017,CL_SERIES.VC_DSR_N,CL_REF_AREA.GA1000003,CL_COMP_BREAKDOWN.HZT_OTHER,2
2016,CL_SERIES.VC_DSR_N,CL_REF_AREA.GA1000004,CL_COMP_BREAKDOWN.HZT_FLOOD,2
2017,CL_SERIES.VC_DSR_N,CL_REF_AREA.GA1000004,CL_COMP_BREAKDOWN.HZT_FLOOD,3
2016,CL_SERIES.VC_DSR_N,CL_REF_AREA.GA1000004,CL_COMP_BREAKDOWN.HZT_STORM,21
2017,CL_SERIES.VC_DSR_N,CL_REF_AREA.GA1000004,CL_COMP_BREAKDOWN.HZT_STORM,44
2016,CL_SERIES.VC_DSR_N,CL_REF_AREA.GA1000006,CL_COMP_BREAKDOWN.HZT_OTHER,2
2017,CL_SERIES.VC_DSR_N,CL_REF_AREA.GA1000006,CL_COMP_BREAKDOWN.HZT_OTHER,4
2016,CL_SERIES.VC_DSR_N,CL_REF_AREA.GA1000008,CL_COMP_BREAKDOWN.HZT_ERQAK,4
2016,CL_SERIES.VC_DSR_N,CL_REF_AREA.GA1000008,CL_COMP_BREAKDOWN.HZT_LNDSL,1
2017,CL_SERIES.VC_DSR_N,CL_REF_AREA.GA1000008,CL_COMP_BREAKDOWN.HZT_LNDSL,2
2016,CL_SERIES.VC_DSR_N,CL_REF_AREA.GA1000008,CL_COMP_BREAKDOWN.HZT_THDR_LGT_STROKE,3
2017,CL_SERIES.VC_DSR_N,CL_REF_AREA.GA1000008,CL_COMP_BREAKDOWN.HZT_THDR_LGT_STROKE,11
2016,CL_SERIES.VC_DSR_N,CL_REF_AREA.GA1000008,CL_COMP_BREAKDOWN.HZT_OTHER,1
2017,CL_SERIES.VC_DSR_N,CL_REF_AREA.GA1000008,CL_COMP_BREAKDOWN.HZT_OTHER,4
2016,CL_SERIES.VC_DSR_N,CL_REF_AREA.GA1000009,CL_COMP_BREAKDOWN.HZT_OTHER,1
2016,CL_SERIES.VC_DSR_N,CL_REF_AREA.GA1000010,CL_COMP_BREAKDOWN.HZT_EROSN_RVRBK,2
2017,CL_SERIES.VC_DSR_N,CL_REF_AREA.GA1000010,CL_COMP_BREAKDOWN.HZT_EROSN_RVRBK,2
2016,CL_SERIES.VC_DSR_N,CL_REF_AREA.GA1000010,CL_COMP_BREAKDOWN.HZT_LNDSL,1
2017,CL_SERIES.VC_DSR_N,CL_REF_AREA.GA1000010,CL_COMP_BREAKDOWN.HZT_LNDSL,3
2016,CL_SERIES.VC_DSR_N,CL_REF_AREA.GA1000010,CL_COMP_BREAKDOWN.HZT_CNFLCT,1
2016,CL_SERIES.VC_DSR_N,CL_REF_AREA.GA1000011,CL_COMP_BREAKDOWN.HZT_ERQAK,1
2016,CL_SERIES.VC_DSR_N,CL_REF_AREA.GA1000011,CL_COMP_BREAKDOWN.HZT_EROSN_RVRBK,2
2017,CL_SERIES.VC_DSR_N,CL_REF_AREA.GA1000011,CL_COMP_BREAKDOWN.HZT_EROSN_RVRBK,2
2016,CL_SERIES.VC_DSR_N,CL_REF_AREA.GA1000011,CL_COMP_BREAKDOWN.HZT_LNDSL,4
2016,CL_SERIES.VC_DSR_N,CL_REF_AREA.GA1000011,CL_COMP_BREAKDOWN.HZT_OTHER,5
2017,CL_SERIES.VC_DSR_N,CL_REF_AREA.GA1000011,CL_COMP_BREAKDOWN.HZT_OTHER,24
2016,CL_SERIES.VC_DSR_N,CL_REF_AREA.GA1000013,CL_COMP_BREAKDOWN.HZT_LNDSL,4
2017,CL_SERIES.VC_DSR_N,CL_REF_AREA.GA1000013,CL_COMP_BREAKDOWN.HZT_LNDSL,14
2016,CL_SERIES.VC_DSR_N,CL_REF_AREA.GA1000013,CL_COMP_BREAKDOWN.HZT_THDR_LGT_STROKE,8
2017,CL_SERIES.VC_DSR_N,CL_REF_AREA.GA1000013,CL_COMP_BREAKDOWN.HZT_THDR_LGT_STROKE,11
2016,CL_SERIES.VC_DSR_N,CL_REF_AREA.GA1000013,CL_COMP_BREAKDOWN.HZT_OTHER,1
2017,CL_SERIES.VC_DSR_N,CL_REF_AREA.GA1000013,CL_COMP_BREAKDOWN.HZT_OTHER,46
2016,CL_SERIES.VC_DSR_N,CL_REF_AREA.GA1000012,CL_COMP_BREAKDOWN.HZT_ERQAK,1
2016,CL_SERIES.VC_DSR_N,CL_REF_AREA.GA1000012,CL_COMP_BREAKDOWN.HZT_EROSN_RVRBK,6
2017,CL_SERIES.VC_DSR_N,CL_REF_AREA.GA1000012,CL_COMP_BREAKDOWN.HZT_EROSN_RVRBK,12
2016,CL_SERIES.VC_DSR_N,CL_REF_AREA.GA1000012,CL_COMP_BREAKDOWN.HZT_OTHER,3
2017,CL_SERIES.VC_DSR_N,CL_REF_AREA.GA1000012,CL_COMP_BREAKDOWN.HZT_OTHER,6
2016,CL_SERIES.VC_DSR_N,CL_REF_AREA.GA1000014,CL_COMP_BREAKDOWN.HZT_OTHER,3
2017,CL_SERIES.VC_DSR_N,CL_REF_AREA.GA1000014,CL_COMP_BREAKDOWN.HZT_OTHER,6
2016,CL_SERIES.VC_DSR_N,CL_REF_AREA.GA1000015,CL_COMP_BREAKDOWN.HZT_FLOOD,9
2017,CL_SERIES.VC_DSR_N,CL_REF_AREA.GA1000015,CL_COMP_BREAKDOWN.HZT_FLOOD,5
2016,CL_SERIES.VC_DSR_N,CL_REF_AREA.GA1000015,CL_COMP_BREAKDOWN.HZT_EROSN_RVRBK,9
2017,CL_SERIES.VC_DSR_N,CL_REF_AREA.GA1000015,CL_COMP_BREAKDOWN.HZT_EROSN_RVRBK,7
2017,CL_SERIES.VC_DSR_N,CL_REF_AREA.GA1000002,CL_COMP_BREAKDOWN.HZT_THDR_LGT_STROKE,3
2017,CL_SERIES.VC_DSR_N,CL_REF_AREA.GA1000003,CL_COMP_BREAKDOWN.HZT_EROSN_RVRBK,1
2017,CL_SERIES.VC_DSR_N,CL_REF_AREA.GA1000004,CL_COMP_BREAKDOWN.HZT_EROSN_RVRBK,3
2017,CL_SERIES.VC_DSR_N,CL_REF_AREA.GA1000004,CL_COMP_BREAKDOWN.HZT_CNFLCT,5
2017,CL_SERIES.VC_DSR_N,CL_REF_AREA.GA1000004,CL_COMP_BREAKDOWN.HZT_OTHER,3
2017,CL_SERIES.VC_DSR_N,CL_REF_AREA.GA1000005,CL_COMP_BREAKDOWN.HZT_CNFLCT,1
2017,CL_SERIES.VC_DSR_N,CL_REF_AREA.GA1000007,CL_COMP_BREAKDOWN.HZT_OTHER,2
2017,CL_SERIES.VC_DSR_N,CL_REF_AREA.GA1000009,CL_COMP_BREAKDOWN.HZT_THDR_LGT_STROKE,10
2017,CL_SERIES.VC_DSR_N,CL_REF_AREA.GA1000010,CL_COMP_BREAKDOWN.HZT_THDR_LGT_STROKE,3
2017,CL_SERIES.VC_DSR_N,CL_REF_AREA.GA1000010,CL_COMP_BREAKDOWN.HZT_OTHER,3
2017,CL_SERIES.VC_DSR_N,CL_REF_AREA.GA1000012,CL_COMP_BREAKDOWN.HZT_LNDSL,1
2017,CL_SERIES.VC_DSR_N,CL_REF_AREA.GA1000015,CL_COMP_BREAKDOWN.HZT_OTHER,2
2015,CL_SERIES.VC_DSR_HH,,CL_COMP_BREAKDOWN.HZT_FIREX,2698
2016,CL_SERIES.VC_DSR_HH,,CL_COMP_BREAKDOWN.HZT_FIREX,2174
2017,CL_SERIES.VC_DSR_HH,,CL_COMP_BREAKDOWN.HZT_FIREX,1878
2015,CL_SERIES.VC_DSR_HH,,CL_COMP_BREAKDOWN.HZT_FLOOD,188045
2016,CL_SERIES.VC_DSR_HH,,CL_COMP_BREAKDOWN.HZT_FLOOD,128108
2017,CL_SERIES.VC_DSR_HH,,CL_COMP_BREAKDOWN.HZT_FLOOD,64870
2015,CL_SERIES.VC_DSR_HH,,CL_COMP_BREAKDOWN.HZT_STORM,6119
2016,CL_SERIES.VC_DSR_HH,,CL_COMP_BREAKDOWN.HZT_STORM,66928
2017,CL_SERIES.VC_DSR_HH,,CL_COMP_BREAKDOWN.HZT_STORM,17038
2015,CL_SERIES.VC_DSR_HH,,CL_COMP_BREAKDOWN.HZT_EROSN_RVRBK,2425
2016,CL_SERIES.VC_DSR_HH,,CL_COMP_BREAKDOWN.HZT_EROSN_RVRBK,3104
2017,CL_SERIES.VC_DSR_HH,,CL_COMP_BREAKDOWN.HZT_EROSN_RVRBK,6836
2015,CL_SERIES.VC_DSR_HH,,CL_COMP_BREAKDOWN.HZT_LNDSL,992
2016,CL_SERIES.VC_DSR_HH,,CL_COMP_BREAKDOWN.HZT_LNDSL,201
2017,CL_SERIES.VC_DSR_HH,,CL_COMP_BREAKDOWN.HZT_LNDSL,130
2015,CL_SERIES.VC_DSR_HH,,CL_COMP_BREAKDOWN.HZT_CNFLCT,1849
2016,CL_SERIES.VC_DSR_HH,,CL_COMP_BREAKDOWN.HZT_CNFLCT,7505
2017,CL_SERIES.VC_DSR_HH,,CL_COMP_BREAKDOWN.HZT_CNFLCT,11914
2015,CL_SERIES.VC_DSR_HH,,,202128
2016,CL_SERIES.VC_DSR_HH,,,208801
2017,CL_SERIES.VC_DSR_HH,,,119352
2015,CL_SERIES.VC_DSR_HH,CL_REF_AREA.GA1000001,CL_COMP_BREAKDOWN.HZT_FIREX,15
2016,CL_SERIES.VC_DSR_HH,CL_REF_AREA.GA1000001,CL_COMP_BREAKDOWN.HZT_FIREX,96
2017,CL_SERIES.VC_DSR_HH,CL_REF_AREA.GA1000001,CL_COMP_BREAKDOWN.HZT_FIREX,110
2015,CL_SERIES.VC_DSR_HH,CL_REF_AREA.GA1000001,CL_COMP_BREAKDOWN.HZT_FLOOD,589
2016,CL_SERIES.VC_DSR_HH,CL_REF_AREA.GA1000001,CL_COMP_BREAKDOWN.HZT_FLOOD,694
2017,CL_SERIES.VC_DSR_HH,CL_REF_AREA.GA1000001,CL_COMP_BREAKDOWN.HZT_FLOOD,368
2015,CL_SERIES.VC_DSR_HH,CL_REF_AREA.GA1000001,CL_COMP_BREAKDOWN.HZT_STORM,84
2016,CL_SERIES.VC_DSR_HH,CL_REF_AREA.GA1000001,CL_COMP_BREAKDOWN.HZT_STORM,649
2017,CL_SERIES.VC_DSR_HH,CL_REF_AREA.GA1000001,CL_COMP_BREAKDOWN.HZT_STORM,660
2015,CL_SERIES.VC_DSR_HH,CL_REF_AREA.GA1000001,CL_COMP_BREAKDOWN.HZT_LNDSL,11
2015,CL_SERIES.VC_DSR_HH,CL_REF_AREA.GA1000001,CL_COMP_BREAKDOWN.HZT_CNFLCT,278
2016,CL_SERIES.VC_DSR_HH,CL_REF_AREA.GA1000001,CL_COMP_BREAKDOWN.HZT_CNFLCT,704
2017,CL_SERIES.VC_DSR_HH,CL_REF_AREA.GA1000001,CL_COMP_BREAKDOWN.HZT_CNFLCT,402
2015,CL_SERIES.VC_DSR_HH,CL_REF_AREA.GA1000001,,977
2016,CL_SERIES.VC_DSR_HH,CL_REF_AREA.GA1000001,,2356
2017,CL_SERIES.VC_DSR_HH,CL_REF_AREA.GA1000001,,1769
2015,CL_SERIES.VC_DSR_HH,CL_REF_AREA.GA1000002,CL_COMP_BREAKDOWN.HZT_FIREX,8
2016,CL_SERIES.VC_DSR_HH,CL_REF_AREA.GA1000002,CL_COMP_BREAKDOWN.HZT_FIREX,17
2017,CL_SERIES.VC_DSR_HH,CL_REF_AREA.GA1000002,CL_COMP_BREAKDOWN.HZT_FIREX,7
2015,CL_SERIES.VC_DSR_HH,CL_REF_AREA.GA1000002,CL_COMP_BREAKDOWN.HZT_STORM,85
2016,CL_SERIES.VC_DSR_HH,CL_REF_AREA.GA1000002,CL_COMP_BREAKDOWN.HZT_STORM,71
2017,CL_SERIES.VC_DSR_HH,CL_REF_AREA.GA1000002,CL_COMP_BREAKDOWN.HZT_STORM,57
2015,CL_SERIES.VC_DSR_HH,CL_REF_AREA.GA1000002,CL_COMP_BREAKDOWN.HZT_LNDSL,100
2015,CL_SERIES.VC_DSR_HH,CL_REF_AREA.GA1000002,,193
2016,CL_SERIES.VC_DSR_HH,CL_REF_AREA.GA1000002,,88
2017,CL_SERIES.VC_DSR_HH,CL_REF_AREA.GA1000002,,64
2015,CL_SERIES.VC_DSR_HH,CL_REF_AREA.GA1000003,CL_COMP_BREAKDOWN.HZT_FIREX,10
2016,CL_SERIES.VC_DSR_HH,CL_REF_AREA.GA1000003,CL_COMP_BREAKDOWN.HZT_FIREX,24
2017,CL_SERIES.VC_DSR_HH,CL_REF_AREA.GA1000003,CL_COMP_BREAKDOWN.HZT_FIREX,34
2015,CL_SERIES.VC_DSR_HH,CL_REF_AREA.GA1000003,CL_COMP_BREAKDOWN.HZT_FLOOD,2217
2016,CL_SERIES.VC_DSR_HH,CL_REF_AREA.GA1000003,CL_COMP_BREAKDOWN.HZT_FLOOD,348
2017,CL_SERIES.VC_DSR_HH,CL_REF_AREA.GA1000003,CL_COMP_BREAKDOWN.HZT_FLOOD,455
2015,CL_SERIES.VC_DSR_HH,CL_REF_AREA.GA1000003,CL_COMP_BREAKDOWN.HZT_STORM,11
2016,CL_SERIES.VC_DSR_HH,CL_REF_AREA.GA1000003,CL_COMP_BREAKDOWN.HZT_STORM,41
2017,CL_SERIES.VC_DSR_HH,CL_REF_AREA.GA1000003,CL_COMP_BREAKDOWN.HZT_STORM,7
2015,CL_SERIES.VC_DSR_HH,CL_REF_AREA.GA1000003,,2238
2016,CL_SERIES.VC_DSR_HH,CL_REF_AREA.GA1000003,,1472
2017,CL_SERIES.VC_DSR_HH,CL_REF_AREA.GA1000003,,1513
2015,CL_SERIES.VC_DSR_HH,CL_REF_AREA.GA1000004,CL_COMP_BREAKDOWN.HZT_FIREX,15
2016,CL_SERIES.VC_DSR_HH,CL_REF_AREA.GA1000004,CL_COMP_BREAKDOWN.HZT_FIREX,20
2017,CL_SERIES.VC_DSR_HH,CL_REF_AREA.GA1000004,CL_COMP_BREAKDOWN.HZT_FIREX,11
2015,CL_SERIES.VC_DSR_HH,CL_REF_AREA.GA1000004,CL_COMP_BREAKDOWN.HZT_LNDSL,873
2016,CL_SERIES.VC_DSR_HH,CL_REF_AREA.GA1000004,CL_COMP_BREAKDOWN.HZT_LNDSL,168
2017,CL_SERIES.VC_DSR_HH,CL_REF_AREA.GA1000004,CL_COMP_BREAKDOWN.HZT_LNDSL,56
2015,CL_SERIES.VC_DSR_HH,CL_REF_AREA.GA1000004,,888
2016,CL_SERIES.VC_DSR_HH,CL_REF_AREA.GA1000004,,964
2017,CL_SERIES.VC_DSR_HH,CL_REF_AREA.GA1000004,,1620
2015,CL_SERIES.VC_DSR_HH,CL_REF_AREA.GA1000005,CL_COMP_BREAKDOWN.HZT_FIREX,147
2016,CL_SERIES.VC_DSR_HH,CL_REF_AREA.GA1000005,CL_COMP_BREAKDOWN.HZT_FIREX,30
2017,CL_SERIES.VC_DSR_HH,CL_REF_AREA.GA1000005,CL_COMP_BREAKDOWN.HZT_FIREX,137
2015,CL_SERIES.VC_DSR_HH,CL_REF_AREA.GA1000005,CL_COMP_BREAKDOWN.HZT_FLOOD,27833
2016,CL_SERIES.VC_DSR_HH,CL_REF_AREA.GA1000005,CL_COMP_BREAKDOWN.HZT_FLOOD,12646
2017,CL_SERIES.VC_DSR_HH,CL_REF_AREA.GA1000005,CL_COMP_BREAKDOWN.HZT_FLOOD,10683
2015,CL_SERIES.VC_DSR_HH,CL_REF_AREA.GA1000005,CL_COMP_BREAKDOWN.HZT_STORM,576
2016,CL_SERIES.VC_DSR_HH,CL_REF_AREA.GA1000005,CL_COMP_BREAKDOWN.HZT_STORM,19233
2017,CL_SERIES.VC_DSR_HH,CL_REF_AREA.GA1000005,CL_COMP_BREAKDOWN.HZT_STORM,3218
2015,CL_SERIES.VC_DSR_HH,CL_REF_AREA.GA1000005,CL_COMP_BREAKDOWN.HZT_EROSN_RVRBK,18
2016,CL_SERIES.VC_DSR_HH,CL_REF_AREA.GA1000005,CL_COMP_BREAKDOWN.HZT_EROSN_RVRBK,33
2017,CL_SERIES.VC_DSR_HH,CL_REF_AREA.GA1000005,CL_COMP_BREAKDOWN.HZT_EROSN_RVRBK,155
2015,CL_SERIES.VC_DSR_HH,CL_REF_AREA.GA1000005,,28574
2016,CL_SERIES.VC_DSR_HH,CL_REF_AREA.GA1000005,,31950
2017,CL_SERIES.VC_DSR_HH,CL_REF_AREA.GA1000005,,15045
2015,CL_SERIES.VC_DSR_HH,CL_REF_AREA.GA1000006,CL_COMP_BREAKDOWN.HZT_FIREX,633
2016,CL_SERIES.VC_DSR_HH,CL_REF_AREA.GA1000006,CL_COMP_BREAKDOWN.HZT_FIREX,46
2017,CL_SERIES.VC_DSR_HH,CL_REF_AREA.GA1000006,CL_COMP_BREAKDOWN.HZT_FIREX,20
2015,CL_SERIES.VC_DSR_HH,CL_REF_AREA.GA1000006,CL_COMP_BREAKDOWN.HZT_FLOOD,189
2016,CL_SERIES.VC_DSR_HH,CL_REF_AREA.GA1000006,CL_COMP_BREAKDOWN.HZT_FLOOD,184
2017,CL_SERIES.VC_DSR_HH,CL_REF_AREA.GA1000006,CL_COMP_BREAKDOWN.HZT_FLOOD,179
2015,CL_SERIES.VC_DSR_HH,CL_REF_AREA.GA1000006,CL_COMP_BREAKDOWN.HZT_STORM,43
2016,CL_SERIES.VC_DSR_HH,CL_REF_AREA.GA1000006,CL_COMP_BREAKDOWN.HZT_STORM,6
2017,CL_SERIES.VC_DSR_HH,CL_REF_AREA.GA1000006,CL_COMP_BREAKDOWN.HZT_STORM,27
2015,CL_SERIES.VC_DSR_HH,CL_REF_AREA.GA1000006,CL_COMP_BREAKDOWN.HZT_LNDSL,6
2016,CL_SERIES.VC_DSR_HH,CL_REF_AREA.GA1000006,CL_COMP_BREAKDOWN.HZT_LNDSL,7
2015,CL_SERIES.VC_DSR_HH,CL_REF_AREA.GA1000006,,871
2016,CL_SERIES.VC_DSR_HH,CL_REF_AREA.GA1000006,,244
2017,CL_SERIES.VC_DSR_HH,CL_REF_AREA.GA1000006,,226
2015,CL_SERIES.VC_DSR_HH,CL_REF_AREA.GA1000007,CL_COMP_BREAKDOWN.HZT_FIREX,129
2016,CL_SERIES.VC_DSR_HH,CL_REF_AREA.GA1000007,CL_COMP_BREAKDOWN.HZT_FIREX,156
2017,CL_SERIES.VC_DSR_HH,CL_REF_AREA.GA1000007,CL_COMP_BREAKDOWN.HZT_FIREX,109
2015,CL_SERIES.VC_DSR_HH,CL_REF_AREA.GA1000007,CL_COMP_BREAKDOWN.HZT_FLOOD,3587
2016,CL_SERIES.VC_DSR_HH,CL_REF_AREA.GA1000007,CL_COMP_BREAKDOWN.HZT_FLOOD,15578
2017,CL_SERIES.VC_DSR_HH,CL_REF_AREA.GA1000007,CL_COMP_BREAKDOWN.HZT_FLOOD,8900
2015,CL_SERIES.VC_DSR_HH,CL_REF_AREA.GA1000007,CL_COMP_BREAKDOWN.HZT_STORM,1335
2016,CL_SERIES.VC_DSR_HH,CL_REF_AREA.GA1000007,CL_COMP_BREAKDOWN.HZT_STORM,4605
2017,CL_SERIES.VC_DSR_HH,CL_REF_AREA.GA1000007,CL_COMP_BREAKDOWN.HZT_STORM,2402
2015,CL_SERIES.VC_DSR_HH,CL_REF_AREA.GA1000007,CL_COMP_BREAKDOWN.HZT_EROSN_RVRBK,702
2016,CL_SERIES.VC_DSR_HH,CL_REF_AREA.GA1000007,CL_COMP_BREAKDOWN.HZT_EROSN_RVRBK,450
2017,CL_SERIES.VC_DSR_HH,CL_REF_AREA.GA1000007,CL_COMP_BREAKDOWN.HZT_EROSN_RVRBK,2214
2015,CL_SERIES.VC_DSR_HH,CL_REF_AREA.GA1000007,,5753
2016,CL_SERIES.VC_DSR_HH,CL_REF_AREA.GA1000007,,20789
2017,CL_SERIES.VC_DSR_HH,CL_REF_AREA.GA1000007,,13629
2015,CL_SERIES.VC_DSR_HH,CL_REF_AREA.GA1000008,CL_COMP_BREAKDOWN.HZT_FIREX,536
2016,CL_SERIES.VC_DSR_HH,CL_REF_AREA.GA1000008,CL_COMP_BREAKDOWN.HZT_FIREX,188
2017,CL_SERIES.VC_DSR_HH,CL_REF_AREA.GA1000008,CL_COMP_BREAKDOWN.HZT_FIREX,291
2015,CL_SERIES.VC_DSR_HH,CL_REF_AREA.GA1000008,CL_COMP_BREAKDOWN.HZT_FLOOD,28476
2016,CL_SERIES.VC_DSR_HH,CL_REF_AREA.GA1000008,CL_COMP_BREAKDOWN.HZT_FLOOD,15379
2017,CL_SERIES.VC_DSR_HH,CL_REF_AREA.GA1000008,CL_COMP_BREAKDOWN.HZT_FLOOD,17295
2015,CL_SERIES.VC_DSR_HH,CL_REF_AREA.GA1000008,CL_COMP_BREAKDOWN.HZT_STORM,836
2016,CL_SERIES.VC_DSR_HH,CL_REF_AREA.GA1000008,CL_COMP_BREAKDOWN.HZT_STORM,10896
2017,CL_SERIES.VC_DSR_HH,CL_REF_AREA.GA1000008,CL_COMP_BREAKDOWN.HZT_STORM,3660
2015,CL_SERIES.VC_DSR_HH,CL_REF_AREA.GA1000008,CL_COMP_BREAKDOWN.HZT_EROSN_RVRBK,900
2016,CL_SERIES.VC_DSR_HH,CL_REF_AREA.GA1000008,CL_COMP_BREAKDOWN.HZT_EROSN_RVRBK,895
2017,CL_SERIES.VC_DSR_HH,CL_REF_AREA.GA1000008,CL_COMP_BREAKDOWN.HZT_EROSN_RVRBK,1197
2015,CL_SERIES.VC_DSR_HH,CL_REF_AREA.GA1000008,,30748
2016,CL_SERIES.VC_DSR_HH,CL_REF_AREA.GA1000008,,27365
2017,CL_SERIES.VC_DSR_HH,CL_REF_AREA.GA1000008,,22452
2015,CL_SERIES.VC_DSR_HH,CL_REF_AREA.GA1000009,CL_COMP_BREAKDOWN.HZT_FIREX,323
2016,CL_SERIES.VC_DSR_HH,CL_REF_AREA.GA1000009,CL_COMP_BREAKDOWN.HZT_FIREX,192
2017,CL_SERIES.VC_DSR_HH,CL_REF_AREA.GA1000009,CL_COMP_BREAKDOWN.HZT_FIREX,171
2015,CL_SERIES.VC_DSR_HH,CL_REF_AREA.GA1000009,CL_COMP_BREAKDOWN.HZT_FLOOD,2500
2016,CL_SERIES.VC_DSR_HH,CL_REF_AREA.GA1000009,CL_COMP_BREAKDOWN.HZT_FLOOD,37158
2017,CL_SERIES.VC_DSR_HH,CL_REF_AREA.GA1000009,CL_COMP_BREAKDOWN.HZT_FLOOD,6382
2015,CL_SERIES.VC_DSR_HH,CL_REF_AREA.GA1000009,CL_COMP_BREAKDOWN.HZT_STORM,944
2016,CL_SERIES.VC_DSR_HH,CL_REF_AREA.GA1000009,CL_COMP_BREAKDOWN.HZT_STORM,14475
2017,CL_SERIES.VC_DSR_HH,CL_REF_AREA.GA1000009,CL_COMP_BREAKDOWN.HZT_STORM,1133
2015,CL_SERIES.VC_DSR_HH,CL_REF_AREA.GA1000009,CL_COMP_BREAKDOWN.HZT_EROSN_RVRBK,255
2016,CL_SERIES.VC_DSR_HH,CL_REF_AREA.GA1000009,CL_COMP_BREAKDOWN.HZT_EROSN_RVRBK,104
2017,CL_SERIES.VC_DSR_HH,CL_REF_AREA.GA1000009,CL_COMP_BREAKDOWN.HZT_EROSN_RVRBK,26
2015,CL_SERIES.VC_DSR_HH,CL_REF_AREA.GA1000009,CL_COMP_BREAKDOWN.HZT_LNDSL,2
2016,CL_SERIES.VC_DSR_HH,CL_REF_AREA.GA1000009,CL_COMP_BREAKDOWN.HZT_LNDSL,3
2017,CL_SERIES.VC_DSR_HH,CL_REF_AREA.GA1000009,CL_COMP_BREAKDOWN.HZT_LNDSL,4
2015,CL_SERIES.VC_DSR_HH,CL_REF_AREA.GA1000009,CL_COMP_BREAKDOWN.HZT_CNFLCT,22
2016,CL_SERIES.VC_DSR_HH,CL_REF_AREA.GA1000009,CL_COMP_BREAKDOWN.HZT_CNFLCT,34
2015,CL_SERIES.VC_DSR_HH,CL_REF_AREA.GA1000009,,4046
2016,CL_SERIES.VC_DSR_HH,CL_REF_AREA.GA1000009,,51966
2017,CL_SERIES.VC_DSR_HH,CL_REF_AREA.GA1000009,,7716
2015,CL_SERIES.VC_DSR_HH,CL_REF_AREA.GA1000010,CL_COMP_BREAKDOWN.HZT_FIREX,17
2016,CL_SERIES.VC_DSR_HH,CL_REF_AREA.GA1000010,CL_COMP_BREAKDOWN.HZT_FIREX,50
2017,CL_SERIES.VC_DSR_HH,CL_REF_AREA.GA1000010,CL_COMP_BREAKDOWN.HZT_FIREX,52
2015,CL_SERIES.VC_DSR_HH,CL_REF_AREA.GA1000010,CL_COMP_BREAKDOWN.HZT_FLOOD,1425
2016,CL_SERIES.VC_DSR_HH,CL_REF_AREA.GA1000010,CL_COMP_BREAKDOWN.HZT_FLOOD,40
2017,CL_SERIES.VC_DSR_HH,CL_REF_AREA.GA1000010,CL_COMP_BREAKDOWN.HZT_FLOOD,1334
2015,CL_SERIES.VC_DSR_HH,CL_REF_AREA.GA1000010,CL_COMP_BREAKDOWN.HZT_STORM,30
2016,CL_SERIES.VC_DSR_HH,CL_REF_AREA.GA1000010,CL_COMP_BREAKDOWN.HZT_STORM,66
2017,CL_SERIES.VC_DSR_HH,CL_REF_AREA.GA1000010,CL_COMP_BREAKDOWN.HZT_STORM,98
2015,CL_SERIES.VC_DSR_HH,CL_REF_AREA.GA1000010,,1472
2016,CL_SERIES.VC_DSR_HH,CL_REF_AREA.GA1000010,,186
2017,CL_SERIES.VC_DSR_HH,CL_REF_AREA.GA1000010,,1553
2015,CL_SERIES.VC_DSR_HH,CL_REF_AREA.GA1000011,CL_COMP_BREAKDOWN.HZT_FIREX,114
2016,CL_SERIES.VC_DSR_HH,CL_REF_AREA.GA1000011,CL_COMP_BREAKDOWN.HZT_FIREX,559
2017,CL_SERIES.VC_DSR_HH,CL_REF_AREA.GA1000011,CL_COMP_BREAKDOWN.HZT_FIREX,205
2015,CL_SERIES.VC_DSR_HH,CL_REF_AREA.GA1000011,CL_COMP_BREAKDOWN.HZT_FLOOD,9040
2016,CL_SERIES.VC_DSR_HH,CL_REF_AREA.GA1000011,CL_COMP_BREAKDOWN.HZT_FLOOD,6374
2017,CL_SERIES.VC_DSR_HH,CL_REF_AREA.GA1000011,CL_COMP_BREAKDOWN.HZT_FLOOD,401
2015,CL_SERIES.VC_DSR_HH,CL_REF_AREA.GA1000011,CL_COMP_BREAKDOWN.HZT_STORM,285
2016,CL_SERIES.VC_DSR_HH,CL_REF_AREA.GA1000011,CL_COMP_BREAKDOWN.HZT_STORM,471
2017,CL_SERIES.VC_DSR_HH,CL_REF_AREA.GA1000011,CL_COMP_BREAKDOWN.HZT_STORM,1381
2015,CL_SERIES.VC_DSR_HH,CL_REF_AREA.GA1000011,CL_COMP_BREAKDOWN.HZT_CNFLCT,29
2016,CL_SERIES.VC_DSR_HH,CL_REF_AREA.GA1000011,CL_COMP_BREAKDOWN.HZT_CNFLCT,412
2017,CL_SERIES.VC_DSR_HH,CL_REF_AREA.GA1000011,CL_COMP_BREAKDOWN.HZT_CNFLCT,28
2015,CL_SERIES.VC_DSR_HH,CL_REF_AREA.GA1000011,,9468
2016,CL_SERIES.VC_DSR_HH,CL_REF_AREA.GA1000011,,8570
2017,CL_SERIES.VC_DSR_HH,CL_REF_AREA.GA1000011,,17575
2015,CL_SERIES.VC_DSR_HH,CL_REF_AREA.GA1000013,CL_COMP_BREAKDOWN.HZT_FIREX,283
2016,CL_SERIES.VC_DSR_HH,CL_REF_AREA.GA1000013,CL_COMP_BREAKDOWN.HZT_FIREX,200
2017,CL_SERIES.VC_DSR_HH,CL_REF_AREA.GA1000013,CL_COMP_BREAKDOWN.HZT_FIREX,164
2015,CL_SERIES.VC_DSR_HH,CL_REF_AREA.GA1000013,CL_COMP_BREAKDOWN.HZT_FLOOD,619
2016,CL_SERIES.VC_DSR_HH,CL_REF_AREA.GA1000013,CL_COMP_BREAKDOWN.HZT_FLOOD,1007
2015,CL_SERIES.VC_DSR_HH,CL_REF_AREA.GA1000013,CL_COMP_BREAKDOWN.HZT_STORM,353
2016,CL_SERIES.VC_DSR_HH,CL_REF_AREA.GA1000013,CL_COMP_BREAKDOWN.HZT_STORM,9899
2017,CL_SERIES.VC_DSR_HH,CL_REF_AREA.GA1000013,CL_COMP_BREAKDOWN.HZT_STORM,700
2015,CL_SERIES.VC_DSR_HH,CL_REF_AREA.GA1000013,CL_COMP_BREAKDOWN.HZT_CNFLCT,1520
2016,CL_SERIES.VC_DSR_HH,CL_REF_AREA.GA1000013,CL_COMP_BREAKDOWN.HZT_CNFLCT,5298
2017,CL_SERIES.VC_DSR_HH,CL_REF_AREA.GA1000013,CL_COMP_BREAKDOWN.HZT_CNFLCT,10115
2015,CL_SERIES.VC_DSR_HH,CL_REF_AREA.GA1000013,,2775
2016,CL_SERIES.VC_DSR_HH,CL_REF_AREA.GA1000013,,16407
2017,CL_SERIES.VC_DSR_HH,CL_REF_AREA.GA1000013,,11041
2015,CL_SERIES.VC_DSR_HH,CL_REF_AREA.GA1000012,CL_COMP_BREAKDOWN.HZT_FIREX,121
2016,CL_SERIES.VC_DSR_HH,CL_REF_AREA.GA1000012,CL_COMP_BREAKDOWN.HZT_FIREX,279
2017,CL_SERIES.VC_DSR_HH,CL_REF_AREA.GA1000012,CL_COMP_BREAKDOWN.HZT_FIREX,370
2015,CL_SERIES.VC_DSR_HH,CL_REF_AREA.GA1000012,CL_COMP_BREAKDOWN.HZT_FLOOD,3761
2016,CL_SERIES.VC_DSR_HH,CL_REF_AREA.GA1000012,CL_COMP_BREAKDOWN.HZT_FLOOD,1957
2017,CL_SERIES.VC_DSR_HH,CL_REF_AREA.GA1000012,CL_COMP_BREAKDOWN.HZT_FLOOD,103
2015,CL_SERIES.VC_DSR_HH,CL_REF_AREA.GA1000012,CL_COMP_BREAKDOWN.HZT_STORM,117
2016,CL_SERIES.VC_DSR_HH,CL_REF_AREA.GA1000012,CL_COMP_BREAKDOWN.HZT_STORM,123
2017,CL_SERIES.VC_DSR_HH,CL_REF_AREA.GA1000012,CL_COMP_BREAKDOWN.HZT_STORM,447
2015,CL_SERIES.VC_DSR_HH,CL_REF_AREA.GA1000012,,3999
2016,CL_SERIES.VC_DSR_HH,CL_REF_AREA.GA1000012,,2466
2017,CL_SERIES.VC_DSR_HH,CL_REF_AREA.GA1000012,,1163
2015,CL_SERIES.VC_DSR_HH,CL_REF_AREA.GA1000014,CL_COMP_BREAKDOWN.HZT_FIREX,338
2016,CL_SERIES.VC_DSR_HH,CL_REF_AREA.GA1000014,CL_COMP_BREAKDOWN.HZT_FIREX,253
2017,CL_SERIES.VC_DSR_HH,CL_REF_AREA.GA1000014,CL_COMP_BREAKDOWN.HZT_FIREX,159
2015,CL_SERIES.VC_DSR_HH,CL_REF_AREA.GA1000014,CL_COMP_BREAKDOWN.HZT_FLOOD,107809
2016,CL_SERIES.VC_DSR_HH,CL_REF_AREA.GA1000014,CL_COMP_BREAKDOWN.HZT_FLOOD,36230
2017,CL_SERIES.VC_DSR_HH,CL_REF_AREA.GA1000014,CL_COMP_BREAKDOWN.HZT_FLOOD,18690
2015,CL_SERIES.VC_DSR_HH,CL_REF_AREA.GA1000014,CL_COMP_BREAKDOWN.HZT_STORM,660
2016,CL_SERIES.VC_DSR_HH,CL_REF_AREA.GA1000014,CL_COMP_BREAKDOWN.HZT_STORM,4162
2017,CL_SERIES.VC_DSR_HH,CL_REF_AREA.GA1000014,CL_COMP_BREAKDOWN.HZT_STORM,2039
2015,CL_SERIES.VC_DSR_HH,CL_REF_AREA.GA1000014,CL_COMP_BREAKDOWN.HZT_EROSN_RVRBK,550
2016,CL_SERIES.VC_DSR_HH,CL_REF_AREA.GA1000014,CL_COMP_BREAKDOWN.HZT_EROSN_RVRBK,1245
2017,CL_SERIES.VC_DSR_HH,CL_REF_AREA.GA1000014,CL_COMP_BREAKDOWN.HZT_EROSN_RVRBK,2660
2015,CL_SERIES.VC_DSR_HH,CL_REF_AREA.GA1000014,,109357
2016,CL_SERIES.VC_DSR_HH,CL_REF_AREA.GA1000014,,41890
2017,CL_SERIES.VC_DSR_HH,CL_REF_AREA.GA1000014,,23550
2015,CL_SERIES.VC_DSR_HH,CL_REF_AREA.GA1000015,CL_COMP_BREAKDOWN.HZT_FIREX,9
2016,CL_SERIES.VC_DSR_HH,CL_REF_AREA.GA1000015,CL_COMP_BREAKDOWN.HZT_FIREX,64
2017,CL_SERIES.VC_DSR_HH,CL_REF_AREA.GA1000015,CL_COMP_BREAKDOWN.HZT_FIREX,38
2015,CL_SERIES.VC_DSR_HH,CL_REF_AREA.GA1000015,CL_COMP_BREAKDOWN.HZT_STORM,760
2016,CL_SERIES.VC_DSR_HH,CL_REF_AREA.GA1000015,CL_COMP_BREAKDOWN.HZT_STORM,1470
2017,CL_SERIES.VC_DSR_HH,CL_REF_AREA.GA1000015,CL_COMP_BREAKDOWN.HZT_STORM,168
2015,CL_SERIES.VC_DSR_HH,CL_REF_AREA.GA1000015,,769
2016,CL_SERIES.VC_DSR_HH,CL_REF_AREA.GA1000015,,2088
2017,CL_SERIES.VC_DSR_HH,CL_REF_AREA.GA1000015,,436
2016,CL_SERIES.VC_DSR_HH,,CL_COMP_BREAKDOWN.HZT_ERQAK,12
2016,CL_SERIES.VC_DSR_HH,,CL_COMP_BREAKDOWN.HZT_OTHER,769
2017,CL_SERIES.VC_DSR_HH,,CL_COMP_BREAKDOWN.HZT_OTHER,16683
2016,CL_SERIES.VC_DSR_HH,CL_REF_AREA.GA1000001,CL_COMP_BREAKDOWN.HZT_EROSN_RVRBK,213
2017,CL_SERIES.VC_DSR_HH,CL_REF_AREA.GA1000001,CL_COMP_BREAKDOWN.HZT_EROSN_RVRBK,229
2016,CL_SERIES.VC_DSR_HH,CL_REF_AREA.GA1000003,CL_COMP_BREAKDOWN.HZT_LNDSL,3
2017,CL_SERIES.VC_DSR_HH,CL_REF_AREA.GA1000003,CL_COMP_BREAKDOWN.HZT_LNDSL,8
2016,CL_SERIES.VC_DSR_HH,CL_REF_AREA.GA1000003,CL_COMP_BREAKDOWN.HZT_CNFLCT,1037
2017,CL_SERIES.VC_DSR_HH,CL_REF_AREA.GA1000003,CL_COMP_BREAKDOWN.HZT_CNFLCT,1007
2016,CL_SERIES.VC_DSR_HH,CL_REF_AREA.GA1000003,CL_COMP_BREAKDOWN.HZT_OTHER,19
2016,CL_SERIES.VC_DSR_HH,CL_REF_AREA.GA1000004,CL_COMP_BREAKDOWN.HZT_FLOOD,15
2016,CL_SERIES.VC_DSR_HH,CL_REF_AREA.GA1000004,CL_COMP_BREAKDOWN.HZT_STORM,761
2017,CL_SERIES.VC_DSR_HH,CL_REF_AREA.GA1000004,CL_COMP_BREAKDOWN.HZT_STORM,1041
2016,CL_SERIES.VC_DSR_HH,CL_REF_AREA.GA1000005,CL_COMP_BREAKDOWN.HZT_LNDSL,8
2016,CL_SERIES.VC_DSR_HH,CL_REF_AREA.GA1000006,CL_COMP_BREAKDOWN.HZT_OTHER,1
2016,CL_SERIES.VC_DSR_HH,CL_REF_AREA.GA1000008,CL_COMP_BREAKDOWN.HZT_ERQAK,5
2016,CL_SERIES.VC_DSR_HH,CL_REF_AREA.GA1000008,CL_COMP_BREAKDOWN.HZT_LNDSL,2
2017,CL_SERIES.VC_DSR_HH,CL_REF_AREA.GA1000008,CL_COMP_BREAKDOWN.HZT_LNDSL,5
2016,CL_SERIES.VC_DSR_HH,CL_REF_AREA.GA1000010,CL_COMP_BREAKDOWN.HZT_EROSN_RVRBK,9
2017,CL_SERIES.VC_DSR_HH,CL_REF_AREA.GA1000010,CL_COMP_BREAKDOWN.HZT_EROSN_RVRBK,13
2016,CL_SERIES.VC_DSR_HH,CL_REF_AREA.GA1000010,CL_COMP_BREAKDOWN.HZT_LNDSL,1
2017,CL_SERIES.VC_DSR_HH,CL_REF_AREA.GA1000010,CL_COMP_BREAKDOWN.HZT_LNDSL,36
2016,CL_SERIES.VC_DSR_HH,CL_REF_AREA.GA1000010,CL_COMP_BREAKDOWN.HZT_CNFLCT,20
2016,CL_SERIES.VC_DSR_HH,CL_REF_AREA.GA1000011,CL_COMP_BREAKDOWN.HZT_ERQAK,1
2016,CL_SERIES.VC_DSR_HH,CL_REF_AREA.GA1000011,CL_COMP_BREAKDOWN.HZT_EROSN_RVRBK,2
2017,CL_SERIES.VC_DSR_HH,CL_REF_AREA.GA1000011,CL_COMP_BREAKDOWN.HZT_EROSN_RVRBK,26
2016,CL_SERIES.VC_DSR_HH,CL_REF_AREA.GA1000011,CL_COMP_BREAKDOWN.HZT_LNDSL,6
2016,CL_SERIES.VC_DSR_HH,CL_REF_AREA.GA1000011,CL_COMP_BREAKDOWN.HZT_OTHER,745
2017,CL_SERIES.VC_DSR_HH,CL_REF_AREA.GA1000011,CL_COMP_BREAKDOWN.HZT_OTHER,15534
2016,CL_SERIES.VC_DSR_HH,CL_REF_AREA.GA1000013,CL_COMP_BREAKDOWN.HZT_LNDSL,3
2017,CL_SERIES.VC_DSR_HH,CL_REF_AREA.GA1000013,CL_COMP_BREAKDOWN.HZT_LNDSL,20
2016,CL_SERIES.VC_DSR_HH,CL_REF_AREA.GA1000012,CL_COMP_BREAKDOWN.HZT_ERQAK,6
2016,CL_SERIES.VC_DSR_HH,CL_REF_AREA.GA1000012,CL_COMP_BREAKDOWN.HZT_EROSN_RVRBK,97
2017,CL_SERIES.VC_DSR_HH,CL_REF_AREA.GA1000012,CL_COMP_BREAKDOWN.HZT_EROSN_RVRBK,242
2016,CL_SERIES.VC_DSR_HH,CL_REF_AREA.GA1000012,CL_COMP_BREAKDOWN.HZT_OTHER,4
2016,CL_SERIES.VC_DSR_HH,CL_REF_AREA.GA1000015,CL_COMP_BREAKDOWN.HZT_FLOOD,498
2017,CL_SERIES.VC_DSR_HH,CL_REF_AREA.GA1000015,CL_COMP_BREAKDOWN.HZT_FLOOD,80
2016,CL_SERIES.VC_DSR_HH,CL_REF_AREA.GA1000015,CL_COMP_BREAKDOWN.HZT_EROSN_RVRBK,56
2017,CL_SERIES.VC_DSR_HH,CL_REF_AREA.GA1000015,CL_COMP_BREAKDOWN.HZT_EROSN_RVRBK,34
2017,CL_SERIES.VC_DSR_HH,,CL_COMP_BREAKDOWN.HZT_THDR_LGT_STROKE,3
2017,CL_SERIES.VC_DSR_HH,CL_REF_AREA.GA1000003,CL_COMP_BREAKDOWN.HZT_EROSN_RVRBK,2
2017,CL_SERIES.VC_DSR_HH,CL_REF_AREA.GA1000004,CL_COMP_BREAKDOWN.HZT_EROSN_RVRBK,38
2017,CL_SERIES.VC_DSR_HH,CL_REF_AREA.GA1000004,CL_COMP_BREAKDOWN.HZT_CNFLCT,362
2017,CL_SERIES.VC_DSR_HH,CL_REF_AREA.GA1000004,CL_COMP_BREAKDOWN.HZT_OTHER,112
2017,CL_SERIES.VC_DSR_HH,CL_REF_AREA.GA1000005,CL_COMP_BREAKDOWN.HZT_THDR_LGT_STROKE,1
2017,CL_SERIES.VC_DSR_HH,CL_REF_AREA.GA1000005,CL_COMP_BREAKDOWN.HZT_OTHER,851
2017,CL_SERIES.VC_DSR_HH,CL_REF_AREA.GA1000007,CL_COMP_BREAKDOWN.HZT_OTHER,4
2017,CL_SERIES.VC_DSR_HH,CL_REF_AREA.GA1000008,CL_COMP_BREAKDOWN.HZT_OTHER,4
2017,CL_SERIES.VC_DSR_HH,CL_REF_AREA.GA1000010,CL_COMP_BREAKDOWN.HZT_OTHER,20
2017,CL_SERIES.VC_DSR_HH,CL_REF_AREA.GA1000013,CL_COMP_BREAKDOWN.HZT_OTHER,42
2017,CL_SERIES.VC_DSR_HH,CL_REF_AREA.GA1000012,CL_COMP_BREAKDOWN.HZT_LNDSL,1
2017,CL_SERIES.VC_DSR_HH,CL_REF_AREA.GA1000014,CL_COMP_BREAKDOWN.HZT_THDR_LGT_STROKE,2
2017,CL_SERIES.VC_DSR_HH,CL_REF_AREA.GA1000015,CL_COMP_BREAKDOWN.HZT_OTHER,116
